{"cameraMode":{"drawMode":0,"name":"Shaded","section":"Shading Mode"},"sceneLighting":true,"audioPlay":false,"sceneViewState":{"showFog":true,"showMaterialUpdate":false,"showSkybox":true,"showFlares":true,"showImageEffects":true,"showParticleSystems":true},"in2DMode":false,"pivot":{"x":-11.527068138122559,"y":-31.870872497558595,"z":-60.817222595214847},"rotation":{"x":-0.006474038120359182,"y":0.9702444672584534,"z":-0.24084988236427308,"w":-0.027189601212739946},"size":90.11105346679688,"orthographic":false}