{"cameraMode":{"drawMode":0,"name":"Shaded","section":"Shading Mode"},"sceneLighting":true,"audioPlay":false,"sceneViewState":{"showFog":true,"showMaterialUpdate":true,"showSkybox":true,"showFlares":true,"showImageEffects":true,"showParticleSystems":true},"in2DMode":false,"pivot":{"x":20.84000015258789,"y":0.0,"z":0.11999988555908203},"rotation":{"x":0.09777487814426422,"y":0.8843857645988464,"z":-0.2138202041387558,"w":0.4034711420536041},"size":23.830806732177736,"orthographic":false}