{"cameraMode":{"drawMode":0,"name":"Shaded","section":"Shading Mode"},"sceneLighting":true,"audioPlay":false,"sceneViewState":{"showFog":true,"showMaterialUpdate":true,"showSkybox":true,"showFlares":true,"showImageEffects":true,"showParticleSystems":true},"in2DMode":false,"pivot":{"x":11.03406810760498,"y":0.7737865447998047,"z":-6.781242370605469},"rotation":{"x":0.008840471506118775,"y":0.9707212448120117,"z":-0.23786719143390656,"w":0.035471003502607349},"size":44.173866271972659,"orthographic":false}