{"cameraMode":{"drawMode":0,"name":"Shaded","section":"Shading Mode"},"sceneLighting":true,"audioPlay":false,"sceneViewState":{"showFog":true,"showMaterialUpdate":false,"showSkybox":true,"showFlares":true,"showImageEffects":true,"showParticleSystems":true},"in2DMode":false,"pivot":{"x":-9.142582893371582,"y":14.03781795501709,"z":11.652304649353028},"rotation":{"x":-0.11110793799161911,"y":-0.8884146809577942,"z":0.33165428042411806,"w":-0.29743149876594546},"size":22.0,"orthographic":false}